transaction_id,sale_date,sale_time,customer_id,gender,age,category,quantity,price_per_unit,cogs,total_sale
180,05-11-2022,10:47:00,117,Male,41,Clothing,3,300,129,900
522,09-07-2022,11:00:00,52,Male,46,Beauty,3,500,145,1500
559,12-12-2022,10:48:00,5,Female,40,Clothing,4,300,84,1200
1180,06-01-2022,08:53:00,85,Male,41,Clothing,3,300,129,900
1522,14-11-2022,08:35:00,48,Male,46,Beauty,3,500,235,1500
1559,20-08-2022,07:40:00,49,Female,40,Clothing,4,300,144,1200
163,31-10-2022,09:38:00,144,Female,64,Clothing,3,50,23,150
303,22-04-2022,11:09:00,54,Male,19,Electronics,3,30,15,90
421,08-04-2022,08:43:00,66,Female,37,Clothing,3,500,235,1500
979,18-05-2022,10:18:00,6,Female,19,Beauty,1,25,11,25
1163,04-05-2022,10:52:00,120,Female,64,Clothing,3,50,27,150
1303,19-03-2022,08:59:00,58,Male,19,Electronics,3,30,15,90
1421,17-01-2022,07:07:00,59,Female,37,Clothing,3,500,185,1500
1979,17-08-2022,11:34:00,102,Female,19,Beauty,1,25,8,25
610,18-12-2022,06:56:00,137,Female,26,Beauty,2,300,93,600
1610,23-11-2022,10:18:00,1,Female,26,Beauty,2,300,102,600
32,16-07-2022,09:11:00,150,Male,30,Beauty,3,30,8,90
231,09-07-2022,07:02:00,50,Female,23,Clothing,3,50,27,150
683,06-03-2022,10:22:00,82,Male,38,Beauty,2,500,175,1000
1032,01-04-2022,08:15:00,1,Male,30,Beauty,3,30,11,90
1231,29-01-2022,07:05:00,12,Female,23,Clothing,3,50,23,150
1683,04-05-2022,07:19:00,98,Male,38,Beauty,2,500,220,1000
367,30-12-2022,07:03:00,123,Female,57,Electronics,1,50,18,50
391,25-03-2022,07:37:00,68,Male,19,Beauty,2,25,6,50
1797,16-04-2022,11:47:00,147,Male,40,Clothing,3,25,12,75
1921,08-02-2022,07:01:00,77,Male,51,Electronics,3,25,8,75
291,22-11-2022,08:29:00,15,Male,60,Clothing,2,300,126,600
907,02-09-2022,06:16:00,145,Female,45,Electronics,1,25,9,25
1291,04-04-2022,11:19:00,72,Male,60,Clothing,2,300,153,600
1907,17-11-2022,11:21:00,115,Female,45,Electronics,1,25,9,25
860,11-04-2022,08:58:00,85,Male,63,Clothing,4,50,16,200
1860,12-03-2022,11:21:00,57,Male,63,Clothing,4,50,18,200
184,13-02-2022,06:44:00,128,Male,31,Electronics,4,50,17,200
734,12-03-2022,08:54:00,77,Female,27,Clothing,1,30,16,30
1184,12-02-2022,08:28:00,23,Male,31,Electronics,4,50,28,200
1734,28-02-2022,08:58:00,72,Female,27,Clothing,1,30,14,30
225,05-03-2022,07:37:00,85,Female,57,Beauty,4,25,13,100
1679,23-09-2022,08:08:00,71,Female,18,Beauty,3,30,15,90
1746,13-06-2022,07:59:00,88,Female,33,Clothing,3,30,11,90
3,14-06-2022,07:08:00,114,Male,50,Electronics,1,30,8,30
464,06-03-2022,11:13:00,24,Male,38,Electronics,2,300,75,600
484,13-03-2022,07:52:00,135,Female,19,Clothing,4,300,75,1200
591,21-03-2022,08:38:00,94,Male,53,Electronics,4,25,7,100
1003,26-01-2022,07:59:00,80,Male,50,Electronics,1,30,16,30
1464,13-11-2022,10:06:00,80,Male,38,Electronics,2,300,126,600
1484,23-11-2022,09:29:00,22,Female,19,Clothing,4,300,147,1200
1591,29-09-2022,11:00:00,62,Male,53,Electronics,4,25,7,100
21,11-07-2022,07:33:00,59,Female,50,Beauty,1,500,275,500
708,06-04-2022,08:38:00,62,Female,43,Beauty,3,300,87,900
713,16-04-2022,11:43:00,39,Male,34,Beauty,3,25,11,75
768,27-06-2022,06:50:00,58,Female,24,Beauty,3,25,11,75
1021,11-06-2022,10:19:00,44,Female,50,Beauty,1,500,155,500
1708,08-02-2022,07:47:00,41,Female,43,Beauty,3,300,162,900
1713,03-10-2022,10:10:00,90,Male,34,Beauty,3,25,11,75
1768,31-07-2022,09:52:00,85,Female,24,Beauty,3,25,9,75
499,03-04-2022,10:52:00,15,Male,46,Beauty,2,30,17,60
697,25-12-2022,07:52:00,152,Male,53,Clothing,1,500,200,500
831,30-11-2022,11:49:00,149,Male,27,Electronics,4,25,14,100
1499,23-09-2022,09:46:00,3,Male,46,Beauty,2,30,12,60
1697,18-12-2022,08:22:00,54,Male,53,Clothing,1,500,265,500
1831,26-03-2022,10:54:00,80,Male,27,Electronics,4,25,7,100
15,01-07-2022,11:50:00,75,Female,42,Electronics,4,500,210,2000
743,07-08-2022,07:54:00,55,Female,34,Beauty,4,500,260,2000
1015,09-03-2022,11:53:00,94,Female,42,Electronics,4,500,200,2000
1743,26-10-2022,09:37:00,47,Female,34,Beauty,4,500,250,2000
14,18-05-2022,07:11:00,8,Male,64,Clothing,4,30,13,120
103,12-11-2022,10:05:00,33,Female,59,Clothing,1,25,11,25
238,10-05-2022,11:52:00,20,Female,39,Beauty,1,500,150,500
986,01-08-2022,09:35:00,65,Female,49,Clothing,2,500,200,1000
1014,04-02-2022,10:26:00,147,Male,64,Clothing,4,30,11,120
1103,14-02-2022,07:11:00,61,Female,59,Clothing,1,25,7,25
1238,17-09-2022,07:38:00,129,Female,39,Beauty,1,500,165,500
1986,14-09-2022,08:28:00,29,Female,49,Clothing,2,500,145,1000
438,31-08-2022,10:15:00,88,Female,42,Clothing,1,30,16,30
1438,07-01-2022,10:00:00,72,Female,42,Clothing,1,30,14,30
475,12-08-2022,10:39:00,78,Male,26,Clothing,3,25,9,75
505,17-12-2022,07:25:00,86,Male,24,Beauty,1,50,20,50
1475,04-10-2022,07:03:00,132,Male,26,Clothing,3,25,11,75
1505,30-10-2022,08:00:00,98,Male,24,Beauty,1,50,15,50
344,17-07-2022,09:47:00,69,Female,42,Beauty,1,30,8,30
448,19-03-2022,09:36:00,86,Female,54,Beauty,2,30,16,60
742,19-03-2022,06:08:00,37,Female,38,Electronics,4,500,195,2000
1344,18-12-2022,06:12:00,144,Female,42,Beauty,1,30,11,30
1448,16-05-2022,06:28:00,51,Female,54,Beauty,2,30,9,60
1742,22-11-2022,08:25:00,18,Female,38,Electronics,4,500,220,2000
445,14-04-2022,10:48:00,132,Female,53,Electronics,1,300,138,300
787,10-06-2022,10:42:00,25,Male,41,Electronics,1,25,14,25
1445,19-04-2022,06:16:00,31,Female,53,Electronics,1,300,129,300
1787,30-05-2022,07:42:00,104,Male,41,Electronics,1,25,10,25
49,17-09-2022,10:33:00,37,Female,54,Electronics,2,500,255,1000
420,02-01-2022,10:53:00,28,Female,22,Clothing,4,500,200,2000
519,08-04-2022,10:17:00,52,Female,36,Electronics,4,30,17,120
1049,16-05-2022,06:36:00,143,Female,54,Electronics,2,500,125,1000
1420,15-04-2022,07:01:00,138,Female,22,Clothing,4,500,205,2000
1519,08-01-2022,07:35:00,139,Female,36,Electronics,4,30,9,120
64,15-11-2022,06:34:00,7,Male,49,Clothing,4,25,9,100
592,26-12-2022,09:15:00,77,Female,46,Beauty,4,500,275,2000
912,31-10-2022,06:18:00,122,Male,51,Beauty,3,50,21,150
1064,14-04-2022,10:38:00,49,Male,49,Clothing,4,25,14,100
1592,16-03-2022,09:08:00,81,Female,46,Beauty,4,500,155,2000
1912,27-05-2022,07:40:00,146,Male,51,Beauty,3,50,22,150
134,25-08-2022,09:03:00,132,Male,49,Electronics,1,50,16,50
1134,05-08-2022,09:04:00,106,Male,49,Electronics,1,50,24,50
288,02-05-2022,09:59:00,27,Male,28,Clothing,4,30,12,120
323,21-01-2022,08:22:00,97,Female,29,Beauty,3,300,150,900
618,13-10-2022,10:22:00,5,Female,27,Beauty,1,50,26,50
720,08-04-2022,08:50:00,116,Female,56,Beauty,3,500,235,1500
1288,05-04-2022,11:56:00,26,Male,28,Clothing,4,30,9,120
1323,15-08-2022,10:49:00,136,Female,29,Beauty,3,300,114,900
1618,15-09-2022,06:27:00,118,Female,27,Beauty,1,50,14,50
1720,10-10-2022,08:51:00,28,Female,56,Beauty,3,500,190,1500
415,05-01-2022,09:59:00,85,Male,53,Clothing,2,30,8,60
736,18-12-2022,08:30:00,97,Male,29,Clothing,4,25,10,100
929,11-03-2022,10:18:00,40,Female,23,Beauty,3,25,11,75
1415,06-03-2022,07:11:00,146,Male,53,Clothing,2,30,15,60
1736,28-08-2022,08:57:00,87,Male,29,Clothing,4,25,10,100
1929,15-09-2022,06:50:00,62,Female,23,Beauty,3,25,13,75
264,26-12-2022,11:03:00,111,Male,47,Clothing,3,300,150,900
913,12-10-2022,10:52:00,78,Male,29,Electronics,3,30,17,90
940,05-01-2022,08:11:00,46,Female,20,Electronics,1,30,10,30
1264,27-05-2022,09:23:00,82,Male,47,Clothing,3,300,123,900
1913,23-06-2022,07:10:00,101,Male,29,Electronics,3,30,14,90
1940,15-06-2022,09:47:00,56,Female,20,Electronics,1,30,11,30
101,08-01-2022,08:46:00,24,Male,32,Clothing,2,300,135,600
1101,17-05-2022,07:47:00,15,Male,32,Clothing,2,300,132,600
189,02-01-2022,09:44:00,143,Male,63,Beauty,1,50,15,50
317,04-05-2022,07:54:00,117,Male,22,Electronics,3,30,12,90
322,19-10-2022,06:11:00,13,Male,51,Electronics,1,500,125,500
329,27-10-2022,07:42:00,52,Female,46,Electronics,4,25,8,100
1189,07-12-2022,06:08:00,104,Male,63,Beauty,1,50,21,50
1317,25-08-2022,08:02:00,144,Male,22,Electronics,3,30,12,90
1322,14-11-2022,09:56:00,10,Male,51,Electronics,1,500,250,500
1329,27-01-2022,10:39:00,119,Female,46,Electronics,4,25,9,100
235,10-03-2022,10:13:00,132,Female,23,Electronics,2,500,275,1000
300,08-01-2022,09:41:00,138,Female,19,Electronics,4,50,27,200
964,26-08-2022,08:18:00,15,Male,24,Clothing,3,300,156,900
1235,04-04-2022,06:44:00,87,Female,23,Electronics,2,500,220,1000
1300,08-08-2022,08:57:00,7,Female,19,Electronics,4,50,24,200
1964,02-08-2022,08:27:00,115,Male,24,Clothing,3,300,111,900
269,19-09-2022,11:31:00,87,Male,25,Clothing,4,500,250,2000
320,20-04-2022,08:35:00,57,Female,28,Electronics,4,300,159,1200
673,04-07-2022,10:14:00,18,Female,43,Clothing,3,500,270,1500
1269,01-01-2022,08:09:00,71,Male,25,Clothing,4,500,145,2000
1320,02-11-2022,11:55:00,102,Female,28,Electronics,4,300,84,1200
1673,14-06-2022,07:36:00,42,Female,43,Clothing,3,500,185,1500
142,08-04-2022,10:05:00,61,Male,35,Electronics,4,300,138,1200
223,15-01-2022,11:18:00,61,Female,64,Clothing,1,25,12,25
666,03-03-2022,10:59:00,49,Male,51,Electronics,3,50,16,150
1142,09-11-2022,09:49:00,2,Male,35,Electronics,4,300,114,1200
1223,20-02-2022,07:40:00,106,Female,64,Clothing,1,25,10,25
1666,08-12-2022,10:10:00,125,Male,51,Electronics,3,50,21,150
107,06-10-2022,09:18:00,75,Female,21,Clothing,4,300,78,1200
933,19-09-2022,07:53:00,81,Male,22,Beauty,1,30,13,30
1107,31-12-2022,11:14:00,62,Female,21,Clothing,4,300,102,1200
1933,12-01-2022,11:04:00,121,Male,22,Beauty,1,30,14,30
237,11-04-2022,08:54:00,105,Female,50,Beauty,2,500,165,1000
335,02-02-2022,09:23:00,2,Female,47,Beauty,4,30,11,120
1237,23-02-2022,09:20:00,48,Female,50,Beauty,2,500,215,1000
1335,27-05-2022,08:45:00,117,Female,47,Beauty,4,30,9,120
63,03-02-2022,11:49:00,127,Male,57,Electronics,2,25,6,50
195,14-08-2022,11:51:00,10,Male,52,Clothing,1,30,9,30
333,06-10-2022,08:15:00,21,Female,54,Electronics,4,300,99,1200
379,01-06-2022,07:28:00,76,Female,47,Clothing,1,25,9,25
490,27-01-2022,06:07:00,43,Male,34,Clothing,3,50,19,150
530,01-05-2022,07:52:00,8,Female,18,Electronics,4,30,9,120
740,01-12-2022,06:58:00,33,Female,25,Beauty,4,50,13,200
793,27-05-2022,10:53:00,1,Male,54,Beauty,1,30,15,30
1063,04-08-2022,10:26:00,56,Male,57,Electronics,2,25,11,50
1195,21-09-2022,07:07:00,55,Male,52,Clothing,1,30,12,30
1333,01-11-2022,11:38:00,151,Female,54,Electronics,4,300,165,1200
1379,02-01-2022,06:23:00,69,Female,47,Clothing,1,25,7,25
1490,26-10-2022,07:15:00,155,Male,34,Clothing,3,50,17,150
1530,10-12-2022,08:17:00,93,Female,18,Electronics,4,30,12,120
1740,16-07-2022,06:01:00,66,Female,25,Beauty,4,50,27,200
1793,11-12-2022,06:05:00,88,Male,54,Beauty,1,30,11,30
85,03-09-2022,08:05:00,68,Male,31,Clothing,3,50,19,150
232,12-08-2022,07:14:00,150,Female,43,Beauty,1,25,13,25
240,05-11-2022,11:49:00,95,Female,23,Beauty,1,300,123,300
993,07-09-2022,09:21:00,134,Female,48,Electronics,3,50,17,150
1085,12-08-2022,09:29:00,76,Male,31,Clothing,3,50,17,150
1232,23-05-2022,08:05:00,146,Female,43,Beauty,1,25,6,25
1240,07-08-2022,07:42:00,144,Female,23,Beauty,1,300,90,300
1993,29-12-2022,11:53:00,123,Female,48,Electronics,3,50,27,150
366,29-10-2022,09:32:00,116,Male,57,Clothing,2,50,18,100
372,19-06-2022,11:45:00,27,Female,24,Beauty,3,500,140,1500
596,12-02-2022,08:44:00,87,Female,64,Electronics,1,300,93,300
936,05-01-2022,10:51:00,143,Male,57,Beauty,4,50,20,200
1366,01-01-2022,11:34:00,25,Male,57,Clothing,2,50,24,100
1372,18-03-2022,10:53:00,60,Female,24,Beauty,3,500,145,1500
1596,28-03-2022,06:22:00,7,Female,64,Electronics,1,300,141,300
1936,19-06-2022,11:32:00,60,Male,57,Beauty,4,50,13,200
284,12-11-2022,09:17:00,129,Male,43,Clothing,4,50,21,200
434,26-10-2022,06:09:00,50,Female,43,Electronics,2,25,8,50
775,06-05-2022,11:07:00,98,Female,46,Electronics,4,25,10,100
977,26-07-2022,08:35:00,46,Female,35,Electronics,3,25,14,75
1284,16-12-2022,11:43:00,145,Male,43,Clothing,4,50,18,200
1434,04-02-2022,10:02:00,147,Female,43,Electronics,2,25,7,50
1775,18-12-2022,08:04:00,78,Female,46,Electronics,4,25,14,100
1977,05-08-2022,10:46:00,63,Female,35,Electronics,3,25,12,75
649,21-06-2022,08:17:00,44,Female,58,Clothing,2,300,135,600
1649,21-10-2022,07:44:00,72,Female,58,Clothing,2,300,75,600
54,20-10-2022,10:17:00,142,Female,38,Electronics,3,500,200,1500
68,15-12-2022,09:06:00,146,Male,25,Electronics,1,300,84,300
192,08-11-2022,08:05:00,134,Male,62,Beauty,2,50,13,100
1054,10-01-2022,09:24:00,49,Female,38,Electronics,3,500,140,1500
1068,14-09-2022,10:11:00,136,Male,25,Electronics,1,300,111,300
1192,29-03-2022,08:41:00,37,Male,62,Beauty,2,50,21,100
331,16-08-2022,08:33:00,28,Male,28,Electronics,3,30,10,90
346,05-09-2022,06:54:00,38,Male,59,Clothing,2,500,215,1000
657,29-01-2022,08:53:00,46,Male,40,Clothing,1,25,8,25
732,13-10-2022,08:45:00,136,Male,61,Electronics,2,500,250,1000
972,16-08-2022,11:42:00,139,Male,49,Beauty,4,25,7,100
1331,15-05-2022,09:29:00,36,Male,28,Electronics,3,30,14,90
1346,10-04-2022,10:01:00,112,Male,59,Clothing,2,500,130,1000
1657,09-08-2022,10:05:00,61,Male,40,Clothing,1,25,8,25
1732,25-02-2022,07:05:00,55,Male,61,Electronics,2,500,215,1000
1972,21-12-2022,06:39:00,5,Male,49,Beauty,4,25,9,100
714,29-10-2022,08:50:00,20,Female,18,Clothing,1,500,190,500
1714,23-11-2022,06:07:00,111,Female,18,Clothing,1,500,245,500
193,27-03-2022,10:40:00,55,Male,35,Beauty,3,500,180,1500
577,21-04-2022,11:55:00,45,Male,21,Beauty,4,500,215,2000
848,24-01-2022,10:46:00,15,Female,63,Clothing,3,25,10,75
945,01-10-2022,10:01:00,120,Male,30,Beauty,1,25,13,25
1193,11-05-2022,11:31:00,50,Male,35,Beauty,3,500,145,1500
1577,11-09-2022,06:22:00,145,Male,21,Beauty,4,500,160,2000
1848,27-12-2022,10:16:00,63,Female,63,Clothing,3,25,13,75
1945,19-04-2022,09:55:00,33,Male,30,Beauty,1,25,11,25
11,27-02-2022,10:30:00,151,Male,23,Clothing,2,50,24,100
821,23-11-2022,11:27:00,40,Male,49,Electronics,1,300,129,300
1011,01-04-2022,06:48:00,15,Male,23,Clothing,2,50,19,100
1821,03-10-2022,07:17:00,42,Male,49,Electronics,1,300,108,300
133,23-06-2022,09:01:00,70,Male,20,Electronics,3,300,87,900
1133,05-03-2022,06:42:00,58,Male,20,Electronics,3,300,159,900
16,25-06-2022,10:33:00,82,Male,19,Clothing,3,500,180,1500
42,08-12-2022,08:29:00,63,Male,22,Clothing,3,300,147,900
292,10-10-2022,06:33:00,111,Male,20,Beauty,4,300,141,1200
416,21-08-2022,09:29:00,55,Male,53,Electronics,4,500,245,2000
584,31-12-2022,10:21:00,106,Female,27,Beauty,4,50,17,200
861,30-09-2022,08:57:00,22,Female,41,Clothing,3,30,10,90
1016,12-12-2022,07:39:00,52,Male,19,Clothing,3,500,200,1500
1042,11-02-2022,06:21:00,7,Male,22,Clothing,3,300,150,900
1292,15-05-2022,08:20:00,88,Male,20,Beauty,4,300,90,1200
1416,29-12-2022,10:47:00,111,Male,53,Electronics,4,500,125,2000
1584,03-09-2022,11:07:00,62,Female,27,Beauty,4,50,17,200
1861,04-07-2022,10:41:00,145,Female,41,Clothing,3,30,10,90
256,09-01-2022,08:05:00,3,Male,23,Clothing,2,500,270,1000
1256,05-11-2022,09:58:00,29,Male,23,Clothing,2,500,190,1000
44,03-03-2022,11:07:00,93,Female,22,Clothing,1,25,12,25
257,10-12-2022,08:49:00,130,Male,19,Beauty,4,500,165,2000
1044,20-02-2022,09:08:00,70,Female,22,Clothing,1,25,8,25
1257,10-05-2022,11:55:00,29,Male,19,Beauty,4,500,255,2000
268,14-04-2022,08:26:00,93,Female,28,Electronics,1,30,9,30
287,26-08-2022,11:07:00,88,Male,54,Clothing,4,25,10,100
966,07-11-2022,07:22:00,119,Male,60,Electronics,2,500,190,1000
1268,09-06-2022,09:33:00,15,Female,28,Electronics,1,30,14,30
1287,13-09-2022,08:03:00,120,Male,54,Clothing,4,25,7,100
1966,20-07-2022,09:52:00,74,Male,60,Electronics,2,500,200,1000
70,27-12-2022,10:48:00,147,Female,43,Clothing,1,300,84,300
371,18-12-2022,10:01:00,32,Female,20,Beauty,1,25,13,25
900,10-11-2022,08:41:00,130,Male,21,Clothing,2,30,16,60
1070,14-07-2022,11:12:00,102,Female,43,Clothing,1,300,120,300
1371,06-05-2022,06:52:00,41,Female,20,Beauty,1,25,14,25
1900,21-01-2022,06:43:00,65,Male,21,Clothing,2,30,11,60
8,27-12-2022,11:19:00,148,Male,30,Electronics,4,25,11,100
41,11-10-2022,10:36:00,88,Male,34,Clothing,2,25,13,50
454,12-03-2022,07:20:00,13,Female,46,Beauty,1,25,13,25
780,06-07-2022,11:30:00,107,Male,52,Electronics,2,25,13,50
920,20-08-2022,10:25:00,99,Female,28,Beauty,3,25,7,75
1008,10-01-2022,08:51:00,116,Male,30,Electronics,4,25,13,100
1041,10-05-2022,07:27:00,74,Male,34,Clothing,2,25,11,50
1454,25-06-2022,11:18:00,22,Female,46,Beauty,1,25,7,25
1780,11-12-2022,10:00:00,32,Male,52,Electronics,2,25,11,50
1920,24-10-2022,08:33:00,23,Female,28,Beauty,3,25,9,75
396,15-12-2022,07:11:00,29,Female,55,Beauty,1,30,11,30
1396,07-06-2022,06:23:00,9,Female,55,Beauty,1,30,8,30
168,29-04-2022,09:20:00,138,Male,53,Clothing,1,300,102,300
400,08-03-2022,09:52:00,2,Male,53,Clothing,4,50,24,200
611,21-07-2022,08:13:00,11,Male,51,Beauty,3,500,180,1500
800,19-09-2022,07:33:00,111,Male,32,Clothing,4,300,87,1200
1168,10-07-2022,07:56:00,68,Male,53,Clothing,1,300,150,300
1400,12-09-2022,11:54:00,115,Male,53,Clothing,4,50,20,200
1611,17-11-2022,07:30:00,125,Male,51,Beauty,3,500,180,1500
1800,21-08-2022,10:53:00,1,Male,32,Clothing,4,300,111,1200
272,10-06-2022,11:57:00,112,Female,61,Electronics,2,50,28,100
473,25-09-2022,10:09:00,1,Male,64,Beauty,1,50,15,50
506,29-04-2022,07:13:00,9,Male,34,Beauty,3,500,200,1500
766,04-01-2022,08:02:00,128,Male,38,Electronics,3,300,165,900
1272,14-04-2022,11:59:00,66,Female,61,Electronics,2,50,17,100
1473,19-03-2022,09:06:00,30,Male,64,Beauty,1,50,13,50
1506,09-01-2022,07:31:00,52,Male,34,Beauty,3,500,245,1500
1766,22-11-2022,06:08:00,6,Male,38,Electronics,3,300,129,900
135,18-04-2022,07:22:00,104,Male,20,Clothing,2,25,13,50
1135,14-01-2022,08:16:00,124,Male,20,Clothing,2,25,13,50
2,24-06-2022,10:07:00,104,Female,26,Clothing,2,500,135,1000
158,21-01-2022,11:38:00,141,Female,44,Electronics,2,300,132,600
185,27-06-2022,09:48:00,57,Male,24,Clothing,1,25,7,25
433,29-07-2022,08:48:00,144,Male,29,Beauty,4,50,20,200
1002,02-03-2022,09:24:00,69,Female,26,Clothing,2,500,270,1000
1158,24-02-2022,09:29:00,77,Female,44,Electronics,2,300,138,600
1185,04-10-2022,10:28:00,153,Male,24,Clothing,1,25,10,25
1433,16-01-2022,11:41:00,113,Male,29,Beauty,4,50,16,200
152,16-06-2022,11:58:00,120,Male,43,Electronics,4,500,210,2000
753,06-07-2022,10:07:00,70,Female,32,Clothing,1,30,16,30
763,23-04-2022,09:43:00,58,Male,34,Clothing,2,25,12,50
932,08-10-2022,08:33:00,120,Female,45,Beauty,4,25,8,100
1152,26-12-2022,07:48:00,87,Male,43,Electronics,4,500,170,2000
1753,17-07-2022,07:40:00,28,Female,32,Clothing,1,30,11,30
1763,30-06-2022,11:37:00,93,Male,34,Clothing,2,25,14,50
1932,08-11-2022,07:07:00,96,Female,45,Beauty,4,25,6,100
399,07-12-2022,09:25:00,136,Female,64,Beauty,2,30,13,60
500,14-10-2022,06:11:00,120,Female,60,Beauty,4,25,12,100
514,04-11-2022,08:35:00,139,Female,18,Electronics,1,300,96,300
1399,28-01-2022,09:32:00,15,Female,64,Beauty,2,30,16,60
1500,20-04-2022,08:36:00,53,Female,60,Beauty,4,25,9,100
1514,12-07-2022,10:55:00,59,Female,18,Electronics,1,300,75,300
947,31-07-2022,07:09:00,4,Male,50,Beauty,1,300,129,300
1947,05-03-2022,06:27:00,134,Male,50,Beauty,1,300,75,300
220,07-05-2022,06:44:00,138,Male,64,Beauty,1,500,140,500
339,18-08-2022,10:27:00,33,Female,22,Electronics,2,25,10,50
785,19-10-2022,06:09:00,88,Female,31,Beauty,4,50,13,200
885,17-09-2022,10:10:00,121,Female,52,Clothing,4,30,14,120
888,01-12-2022,06:03:00,63,Female,52,Electronics,4,25,13,100
1220,29-06-2022,11:16:00,47,Male,64,Beauty,1,500,240,500
1339,10-11-2022,10:34:00,132,Female,22,Electronics,2,25,8,50
1785,20-02-2022,11:17:00,144,Female,31,Beauty,4,50,17,200
1885,09-11-2022,07:32:00,148,Female,52,Clothing,4,30,11,120
1888,14-06-2022,08:10:00,49,Female,52,Electronics,4,25,13,100
621,13-04-2022,09:55:00,138,Female,40,Beauty,2,500,275,1000
1621,22-09-2022,10:49:00,2,Female,40,Beauty,2,500,160,1000
52,19-09-2022,09:42:00,55,Female,36,Beauty,1,300,111,300
536,20-08-2022,06:25:00,17,Female,55,Beauty,4,30,9,120
1052,12-02-2022,06:12:00,94,Female,36,Beauty,1,300,120,300
1536,11-05-2022,07:23:00,14,Female,55,Beauty,4,30,14,120
197,03-04-2022,11:57:00,14,Female,42,Clothing,4,50,26,200
750,13-11-2022,07:33:00,69,Female,35,Clothing,3,25,9,75
910,21-08-2022,06:29:00,138,Female,20,Beauty,3,50,23,150
917,15-02-2022,11:50:00,120,Female,57,Electronics,4,50,17,200
1197,13-08-2022,10:07:00,77,Female,42,Clothing,4,50,19,200
1750,20-01-2022,10:10:00,138,Female,35,Clothing,3,25,7,75
1910,09-10-2022,06:22:00,141,Female,20,Beauty,3,50,18,150
1917,02-05-2022,07:17:00,52,Female,57,Electronics,4,50,24,200
198,21-05-2022,11:42:00,30,Female,54,Beauty,3,300,114,900
444,06-10-2022,07:06:00,51,Female,61,Clothing,3,30,16,90
547,14-11-2022,07:36:00,3,Male,63,Clothing,4,500,250,2000
705,30-09-2022,07:28:00,37,Male,60,Electronics,2,25,6,50
1198,07-08-2022,10:43:00,147,Female,54,Beauty,3,300,159,900
1444,29-04-2022,06:18:00,135,Female,61,Clothing,3,30,14,90
1547,11-08-2022,06:39:00,142,Male,63,Clothing,4,500,235,2000
1705,14-08-2022,08:32:00,94,Male,60,Electronics,2,25,9,50
423,18-07-2022,06:06:00,41,Female,27,Clothing,1,25,12,25
1423,15-06-2022,07:56:00,131,Female,27,Clothing,1,25,11,25
248,02-07-2022,07:11:00,5,Male,26,Clothing,3,300,126,900
360,09-09-2022,09:04:00,26,Male,42,Clothing,4,25,11,100
377,13-09-2022,08:30:00,141,Female,46,Clothing,4,50,18,200
1248,08-09-2022,08:20:00,68,Male,26,Clothing,3,300,111,900
1360,18-06-2022,09:31:00,93,Male,42,Clothing,4,25,6,100
1377,21-03-2022,07:52:00,71,Female,46,Clothing,4,50,14,200
397,26-10-2023,08:06:00,59,Female,30,Beauty,1,25,11,25
623,15-11-2023,10:00:00,39,Male,34,Clothing,3,50,26,150
1397,01-01-2023,11:05:00,6,Female,30,Beauty,1,25,12,25
1623,05-03-2023,06:14:00,76,Male,34,Clothing,3,50,22,150
717,30-11-2023,08:15:00,8,Male,57,Clothing,1,500,190,500
1717,12-01-2023,09:40:00,21,Male,57,Clothing,1,500,175,500
130,19-06-2023,06:21:00,114,Female,57,Clothing,1,500,125,500
658,30-10-2023,07:47:00,93,Male,59,Clothing,1,25,7,25
1130,20-02-2023,09:03:00,28,Female,57,Clothing,1,500,180,500
1658,10-04-2023,06:08:00,148,Male,59,Clothing,1,25,12,25
7,06-07-2023,06:24:00,38,Male,46,Clothing,2,25,13,50
119,01-09-2023,09:11:00,127,Female,60,Clothing,3,50,28,150
278,22-12-2023,11:42:00,71,Female,37,Clothing,4,25,14,100
1007,09-06-2023,10:09:00,15,Male,46,Clothing,2,25,12,50
1119,19-11-2023,09:36:00,1,Female,60,Clothing,3,50,26,150
1278,19-07-2023,06:19:00,28,Female,37,Clothing,4,25,7,100
117,04-08-2023,11:38:00,8,Male,19,Electronics,2,500,230,1000
1117,11-09-2023,07:48:00,144,Male,19,Electronics,2,500,210,1000
442,30-06-2023,11:07:00,24,Female,60,Clothing,4,25,13,100
590,04-05-2023,11:52:00,151,Male,36,Clothing,3,300,135,900
607,05-05-2023,09:33:00,109,Male,54,Clothing,3,25,13,75
1442,16-02-2023,11:02:00,96,Female,60,Clothing,4,25,11,100
1590,10-08-2023,09:39:00,142,Male,36,Clothing,3,300,147,900
1607,16-01-2023,10:18:00,53,Male,54,Clothing,3,25,8,75
436,22-10-2023,11:54:00,21,Female,57,Clothing,4,30,14,120
942,01-12-2023,09:22:00,35,Male,51,Clothing,3,500,160,1500
1436,20-01-2023,11:29:00,1,Female,57,Clothing,4,30,10,120
1942,16-09-2023,11:53:00,112,Male,51,Clothing,3,500,265,1500
659,09-06-2023,06:08:00,75,Female,39,Electronics,1,30,8,30
941,28-04-2023,09:58:00,39,Female,57,Clothing,2,25,7,50
1659,27-07-2023,09:29:00,22,Female,39,Electronics,1,30,9,30
1941,06-01-2023,06:14:00,48,Female,57,Clothing,2,25,12,50
136,26-12-2023,08:59:00,25,Male,44,Electronics,2,300,141,600
175,25-01-2023,10:02:00,23,Female,31,Electronics,4,25,13,100
663,16-08-2023,06:32:00,133,Male,23,Clothing,4,300,87,1200
748,01-03-2023,09:35:00,132,Male,25,Clothing,3,50,24,150
806,22-01-2023,08:08:00,14,Female,35,Beauty,3,300,165,900
1136,02-07-2023,08:41:00,93,Male,44,Electronics,2,300,81,600
1175,02-06-2023,06:38:00,103,Female,31,Electronics,4,25,12,100
1663,07-12-2023,07:04:00,33,Male,23,Clothing,4,300,81,1200
1748,02-03-2023,10:24:00,119,Male,25,Clothing,3,50,16,150
1806,14-06-2023,10:13:00,61,Female,35,Beauty,3,300,102,900
38,25-02-2023,11:39:00,147,Male,38,Beauty,4,50,26,200
313,16-12-2023,10:03:00,11,Female,55,Beauty,3,500,140,1500
402,12-07-2023,08:45:00,63,Female,41,Clothing,2,300,135,600
459,23-05-2023,07:12:00,122,Male,28,Clothing,4,300,75,1200
1038,30-12-2023,09:09:00,11,Male,38,Beauty,4,50,21,200
1313,04-06-2023,09:22:00,10,Female,55,Beauty,3,500,170,1500
1402,24-06-2023,06:47:00,110,Female,41,Clothing,2,300,156,600
1459,10-11-2023,06:46:00,13,Male,28,Clothing,4,300,144,1200
161,01-07-2023,06:58:00,104,Male,64,Beauty,2,500,195,1000
328,29-10-2023,06:56:00,9,Male,39,Beauty,2,50,27,100
383,24-03-2023,08:53:00,64,Female,46,Beauty,3,30,8,90
973,03-09-2023,08:44:00,51,Male,60,Clothing,1,50,13,50
978,27-07-2023,09:58:00,16,Female,53,Clothing,3,50,19,150
1161,29-06-2023,11:06:00,30,Male,64,Beauty,2,500,160,1000
1328,10-12-2023,07:49:00,60,Male,39,Beauty,2,50,25,100
1383,06-09-2023,09:13:00,68,Female,46,Beauty,3,30,14,90
1973,19-08-2023,10:10:00,22,Male,60,Clothing,1,50,22,50
1978,31-08-2023,11:59:00,41,Female,53,Clothing,3,50,16,150
33,24-12-2023,07:40:00,33,Female,50,Electronics,2,50,21,100
138,27-04-2023,10:56:00,127,Male,49,Clothing,4,50,27,200
471,08-03-2023,10:21:00,136,Male,32,Clothing,3,50,13,150
636,09-05-2023,06:15:00,60,Female,21,Beauty,3,500,230,1500
1033,12-04-2023,06:52:00,32,Female,50,Electronics,2,50,19,100
1138,16-10-2023,11:59:00,27,Male,49,Clothing,4,50,15,200
1471,25-06-2023,10:34:00,30,Male,32,Clothing,3,50,13,150
1636,22-07-2023,11:26:00,50,Female,21,Beauty,3,500,150,1500
177,24-03-2023,08:40:00,30,Male,45,Beauty,2,50,27,100
426,13-12-2023,08:11:00,137,Male,23,Electronics,3,50,13,150
1177,20-02-2023,09:19:00,89,Male,45,Beauty,2,50,15,100
1426,12-12-2023,11:32:00,114,Male,23,Electronics,3,50,25,150
76,09-09-2023,07:33:00,70,Female,22,Electronics,2,50,15,100
91,14-04-2023,06:31:00,152,Female,55,Electronics,1,500,235,500
461,18-07-2023,10:33:00,21,Female,18,Beauty,2,500,265,1000
764,07-11-2023,08:46:00,47,Female,40,Clothing,1,25,11,25
1076,14-07-2023,11:09:00,99,Female,22,Electronics,2,50,15,100
1091,15-07-2023,08:46:00,139,Female,55,Electronics,1,500,235,500
1461,01-05-2023,08:43:00,63,Female,18,Beauty,2,500,180,1000
1764,02-11-2023,11:04:00,13,Female,40,Clothing,1,25,12,25
202,25-01-2023,06:24:00,61,Female,34,Clothing,4,300,120,1200
301,30-07-2023,10:58:00,104,Male,30,Clothing,4,30,10,120
703,31-07-2023,09:56:00,140,Male,34,Electronics,2,50,19,100
1202,13-11-2023,06:56:00,89,Female,34,Clothing,4,300,144,1200
1301,24-09-2023,09:58:00,70,Male,30,Clothing,4,30,11,120
1703,10-06-2023,08:36:00,2,Male,34,Electronics,2,50,17,100
294,09-10-2023,09:24:00,89,Female,23,Clothing,3,30,15,90
760,26-06-2023,07:59:00,14,Male,27,Beauty,1,500,125,500
1294,24-01-2023,11:24:00,8,Female,23,Clothing,3,30,11,90
1760,23-08-2023,07:26:00,44,Male,27,Beauty,1,500,230,500
575,12-12-2023,10:29:00,14,Male,60,Clothing,2,50,23,100
1575,28-07-2023,11:54:00,26,Male,60,Clothing,2,50,23,100
88,16-02-2023,08:31:00,122,Male,56,Clothing,1,500,185,500
1088,14-09-2023,07:00:00,6,Male,56,Clothing,1,500,155,500
975,09-01-2023,07:41:00,145,Female,56,Clothing,4,50,20,200
1975,21-08-2023,10:48:00,63,Female,56,Clothing,4,50,26,200
553,20-03-2023,06:17:00,106,Male,24,Clothing,4,300,81,1200
1553,29-01-2023,08:46:00,42,Male,24,Clothing,4,300,99,1200
462,26-08-2023,10:04:00,71,Male,63,Electronics,4,300,132,1200
614,13-02-2023,06:28:00,61,Female,39,Beauty,4,300,120,1200
808,22-11-2023,07:18:00,30,Male,33,Beauty,4,500,195,2000
1462,13-11-2023,10:42:00,124,Male,63,Electronics,4,300,114,1200
1614,23-08-2023,11:37:00,135,Female,39,Beauty,4,300,105,1200
1808,12-02-2023,10:48:00,109,Male,33,Beauty,4,500,210,2000
166,28-01-2023,11:42:00,32,Male,34,Clothing,4,500,225,2000
465,22-02-2023,11:52:00,40,Female,43,Electronics,3,50,16,150
502,22-07-2023,11:00:00,31,Male,43,Electronics,3,50,23,150
905,01-10-2023,06:27:00,96,Male,58,Beauty,1,300,111,300
1166,19-07-2023,07:45:00,65,Male,34,Clothing,4,500,245,2000
1465,17-04-2023,09:36:00,131,Female,43,Electronics,3,50,26,150
1502,08-04-2023,08:30:00,152,Male,43,Electronics,3,50,18,150
1905,29-08-2023,06:07:00,26,Male,58,Beauty,1,300,102,300
280,17-11-2023,09:35:00,76,Female,37,Clothing,3,500,240,1500
719,02-07-2023,07:19:00,37,Female,42,Clothing,2,30,12,60
834,26-11-2023,06:55:00,13,Female,56,Beauty,2,30,15,60
1280,24-08-2023,09:15:00,116,Female,37,Clothing,3,500,255,1500
1719,28-12-2023,07:29:00,4,Female,42,Clothing,2,30,11,60
1834,14-04-2023,06:53:00,102,Female,56,Beauty,2,30,13,60
891,09-01-2023,06:43:00,24,Male,41,Electronics,3,300,99,900
928,05-11-2023,10:20:00,54,Female,35,Clothing,4,300,90,1200
1891,22-12-2023,06:11:00,81,Male,41,Electronics,3,300,105,900
1928,29-07-2023,06:39:00,93,Female,35,Clothing,4,300,75,1200
332,24-04-2023,11:28:00,138,Male,58,Electronics,4,300,105,1200
1332,04-12-2023,10:02:00,146,Male,58,Electronics,4,300,123,1200
255,15-10-2023,11:44:00,19,Male,48,Clothing,1,30,15,30
275,05-03-2023,11:34:00,2,Male,43,Clothing,2,500,260,1000
314,15-10-2023,07:37:00,1,Male,52,Clothing,4,30,8,120
517,20-08-2023,08:54:00,3,Female,47,Clothing,4,25,9,100
847,10-01-2023,08:42:00,2,Female,18,Electronics,4,300,162,1200
1255,20-01-2023,07:08:00,4,Male,48,Clothing,1,30,8,30
1275,02-03-2023,08:48:00,5,Male,43,Clothing,2,500,250,1000
1314,23-05-2023,10:26:00,2,Male,52,Clothing,4,30,16,120
1517,21-02-2023,08:46:00,2,Female,47,Clothing,4,25,7,100
1847,28-07-2023,07:14:00,5,Female,18,Electronics,4,300,123,1200
61,07-07-2023,11:47:00,4,Male,21,Beauty,4,50,20,200
274,14-04-2023,07:12:00,4,Female,23,Clothing,2,500,150,1000
486,02-12-2023,09:47:00,4,Female,35,Electronics,1,25,7,25
548,14-04-2023,07:00:00,4,Female,51,Clothing,2,30,16,60
886,11-12-2023,11:25:00,4,Male,37,Electronics,3,300,165,900
892,13-09-2023,11:39:00,1,Male,20,Electronics,1,50,24,50
1061,18-09-2023,07:56:00,3,Male,21,Beauty,4,50,13,200
1274,06-10-2023,09:01:00,2,Female,23,Clothing,2,500,185,1000
1486,22-11-2023,08:58:00,4,Female,35,Electronics,1,25,9,25
1548,13-01-2023,08:15:00,1,Female,51,Clothing,2,30,13,60
1886,26-07-2023,11:51:00,1,Male,37,Electronics,3,300,147,900
1892,01-10-2023,07:22:00,3,Male,20,Electronics,1,50,24,50
601,05-06-2023,09:23:00,5,Male,19,Clothing,1,30,13,30
901,02-08-2023,06:38:00,2,Male,31,Electronics,1,30,12,30
1601,14-09-2023,11:48:00,1,Male,19,Clothing,1,30,14,30
1901,29-11-2023,11:05:00,4,Male,31,Electronics,1,30,8,30
527,21-04-2023,11:35:00,1,Male,57,Clothing,2,25,12,50
1527,29-09-2023,08:30:00,1,Male,57,Clothing,2,25,12,50
23,28-09-2023,07:05:00,4,Female,35,Clothing,4,30,15,120
174,15-11-2023,06:07:00,2,Female,39,Beauty,1,300,126,300
589,08-07-2023,07:11:00,5,Female,36,Beauty,2,500,145,1000
774,06-11-2023,09:04:00,2,Female,40,Clothing,2,25,7,50
1000,01-04-2023,10:22:00,1,Male,47,Electronics,4,30,8,120
1023,23-05-2023,08:40:00,5,Female,35,Clothing,4,30,8,120
1174,17-05-2023,06:55:00,2,Female,39,Beauty,1,300,132,300
1589,01-07-2023,06:30:00,5,Female,36,Beauty,2,500,145,1000
1774,09-03-2023,06:48:00,2,Female,40,Clothing,2,25,8,50
2000,31-03-2023,06:38:00,4,Male,47,Electronics,4,30,11,120
210,07-10-2023,08:50:00,2,Male,37,Electronics,4,50,19,200
478,24-07-2023,11:13:00,3,Female,58,Clothing,2,30,8,60
745,14-08-2023,07:30:00,3,Male,54,Beauty,2,50,17,100
1210,10-03-2023,10:02:00,5,Male,37,Electronics,4,50,13,200
1478,31-08-2023,09:18:00,1,Female,58,Clothing,2,30,14,60
1745,28-09-2023,10:38:00,4,Male,54,Beauty,2,50,21,100
354,16-12-2023,07:58:00,5,Female,49,Beauty,4,50,25,200
408,22-12-2023,08:18:00,4,Female,64,Beauty,1,500,140,500
1354,17-09-2023,09:34:00,5,Female,49,Beauty,4,50,27,200
1408,28-08-2023,08:17:00,2,Female,64,Beauty,1,500,250,500
674,30-03-2023,11:10:00,2,Female,38,Clothing,1,300,84,300
1674,22-11-2023,09:21:00,1,Female,38,Clothing,1,300,123,300
967,04-08-2023,10:13:00,4,Male,62,Beauty,1,25,13,25
1967,23-02-2023,08:28:00,4,Male,62,Beauty,1,25,12,25
79,13-04-2023,10:15:00,1,Male,34,Beauty,1,300,96,300
406,01-04-2023,11:50:00,3,Female,22,Beauty,4,25,11,100
450,01-12-2023,06:35:00,2,Female,59,Beauty,2,25,11,50
562,09-11-2023,09:26:00,3,Male,54,Electronics,2,25,7,50
1079,21-08-2023,06:45:00,1,Male,34,Beauty,1,300,117,300
1406,22-06-2023,08:45:00,2,Female,22,Beauty,4,25,10,100
1450,16-07-2023,08:52:00,1,Female,59,Beauty,2,25,10,50
1562,26-11-2023,10:21:00,5,Male,54,Electronics,2,25,13,50
108,24-01-2023,09:38:00,5,Female,27,Beauty,3,25,14,75
111,15-04-2023,09:45:00,5,Female,34,Electronics,3,500,130,1500
207,06-08-2023,08:34:00,3,Female,42,Beauty,2,25,10,50
724,14-06-2023,06:56:00,3,Male,61,Clothing,3,50,20,150
836,21-06-2023,06:32:00,2,Female,22,Clothing,1,50,28,50
969,27-11-2023,11:47:00,2,Female,40,Clothing,3,300,84,900
1108,08-07-2023,10:27:00,1,Female,27,Beauty,3,25,10,75
1111,30-04-2023,21:34:00,2,Female,34,Electronics,3,500,185,1500
1207,30-06-2023,21:48:00,3,Female,42,Beauty,2,25,10,50
1724,15-09-2023,20:53:00,4,Male,61,Clothing,3,50,17,150
1836,13-02-2023,17:19:00,3,Female,22,Clothing,1,50,24,50
1969,05-03-2023,19:34:00,4,Female,40,Clothing,3,300,126,900
246,07-12-2023,20:05:00,4,Female,48,Electronics,2,25,13,50
298,05-10-2023,19:05:00,3,Male,27,Beauty,4,300,84,1200
374,27-10-2023,17:45:00,4,Female,59,Beauty,3,25,8,75
572,13-12-2023,18:33:00,5,Male,31,Clothing,4,500,185,2000
665,03-10-2023,22:49:00,1,Male,57,Clothing,1,50,19,50
1246,26-04-2023,22:54:00,3,Female,48,Electronics,2,25,12,50
1298,02-05-2023,19:51:00,1,Male,27,Beauty,4,300,120,1200
1374,23-03-2023,22:03:00,3,Female,59,Beauty,3,25,8,75
1572,18-06-2023,22:20:00,1,Male,31,Clothing,4,500,175,2000
1665,01-11-2023,19:38:00,4,Male,57,Clothing,1,50,14,50
39,11-07-2023,22:44:00,5,Male,23,Clothing,4,30,9,120
893,29-04-2023,18:52:00,1,Male,49,Electronics,1,50,17,50
1039,03-12-2023,20:01:00,1,Male,23,Clothing,4,30,14,120
1893,25-02-2023,17:04:00,3,Male,49,Electronics,1,50,23,50
17,25-02-2023,21:08:00,3,Female,27,Clothing,4,25,13,100
316,01-02-2023,17:25:00,3,Female,48,Clothing,2,25,14,50
755,27-11-2023,20:07:00,1,Female,58,Clothing,3,25,7,75
1017,05-09-2023,18:41:00,2,Female,27,Clothing,4,25,12,100
1316,21-07-2023,17:11:00,1,Female,48,Clothing,2,25,12,50
1755,23-05-2023,21:47:00,2,Female,58,Clothing,3,25,8,75
28,11-12-2023,22:34:00,3,Female,43,Beauty,1,500,150,500
98,09-04-2023,19:41:00,1,Female,55,Beauty,2,50,20,100
129,17-04-2023,17:42:00,1,Female,21,Beauty,2,300,75,600
230,26-03-2023,17:44:00,5,Male,54,Beauty,1,25,13,25
613,08-05-2023,17:23:00,2,Female,52,Clothing,3,30,11,90
691,12-05-2023,21:09:00,5,Female,51,Clothing,3,30,15,90
693,08-06-2023,17:12:00,1,Male,41,Beauty,3,500,270,1500
1028,09-03-2023,18:09:00,1,Female,43,Beauty,1,500,250,500
1098,06-07-2023,22:34:00,3,Female,55,Beauty,2,50,20,100
1129,08-09-2023,21:46:00,1,Female,21,Beauty,2,300,156,600
1230,04-12-2023,21:24:00,1,Male,54,Beauty,1,25,13,25
1613,14-12-2023,21:58:00,4,Female,52,Clothing,3,30,10,90
1691,07-01-2023,20:01:00,1,Female,51,Clothing,3,30,14,90
1693,20-02-2023,18:21:00,1,Male,41,Beauty,3,500,130,1500
477,03-12-2023,17:24:00,3,Male,43,Clothing,4,30,16,120
863,12-11-2023,22:40:00,4,Female,30,Electronics,2,25,11,50
1477,08-01-2023,21:59:00,3,Male,43,Clothing,4,30,16,120
1863,26-05-2023,22:33:00,4,Female,30,Electronics,2,25,10,50
6,15-11-2023,22:16:00,2,Female,45,Beauty,1,30,15,30
483,06-02-2023,17:25:00,2,Male,55,Clothing,1,30,8,30
738,05-02-2023,18:24:00,5,Male,41,Clothing,2,50,26,100
1006,29-10-2023,19:23:00,2,Female,45,Beauty,1,30,14,30
1483,05-03-2023,19:53:00,1,Male,55,Clothing,1,30,9,30
1738,12-11-2023,21:33:00,1,Male,41,Clothing,2,50,16,100
222,07-01-2023,18:56:00,4,Male,51,Clothing,4,30,11,120
588,18-10-2023,17:54:00,5,Male,38,Electronics,2,30,14,60
953,02-07-2023,17:58:00,1,Male,45,Beauty,3,30,13,90
1222,17-09-2023,18:15:00,3,Male,51,Clothing,4,30,11,120
1588,25-06-2023,21:29:00,4,Male,38,Electronics,2,30,13,60
1953,15-05-2023,17:34:00,3,Male,45,Beauty,3,30,10,90
66,18-06-2023,22:49:00,3,Female,45,Electronics,1,30,9,30
482,12-08-2023,18:57:00,3,Female,28,Clothing,4,300,141,1200
903,27-07-2023,22:14:00,3,Female,51,Beauty,4,50,14,200
1066,06-10-2023,18:11:00,4,Female,45,Electronics,1,30,8,30
1482,10-02-2023,22:22:00,1,Female,28,Clothing,4,300,114,1200
1903,27-07-2023,21:44:00,5,Female,51,Beauty,4,50,19,200
102,17-04-2023,21:34:00,5,Female,47,Beauty,2,25,7,50
228,03-04-2023,20:26:00,4,Female,59,Electronics,2,30,11,60
236,01-04-2023,22:18:00,5,Female,54,Clothing,1,25,7,25
1102,21-08-2023,18:04:00,5,Female,47,Beauty,2,25,7,50
1228,24-06-2023,21:37:00,5,Female,59,Electronics,2,30,11,60
1236,09-08-2023,18:19:00,4,Female,54,Clothing,1,25,9,25
660,29-07-2023,18:46:00,2,Female,38,Beauty,2,500,270,1000
884,18-02-2023,20:31:00,1,Female,26,Clothing,2,30,8,60
987,08-11-2023,18:45:00,1,Female,30,Clothing,3,300,165,900
1660,23-09-2023,20:27:00,2,Female,38,Beauty,2,500,160,1000
1884,09-07-2023,21:45:00,2,Female,26,Clothing,2,30,11,60
1987,26-05-2023,18:18:00,2,Female,30,Clothing,3,300,129,900
18,06-09-2023,19:13:00,5,Female,47,Electronics,2,25,13,50
69,14-11-2023,22:44:00,1,Female,56,Beauty,3,25,9,75
995,04-03-2023,22:38:00,4,Female,41,Clothing,1,30,10,30
1018,06-07-2023,19:13:00,4,Female,47,Electronics,2,25,13,50
1069,13-10-2023,19:05:00,2,Female,56,Beauty,3,25,7,75
1995,10-12-2023,22:18:00,5,Female,41,Clothing,1,30,15,30
337,22-08-2023,17:56:00,1,Male,38,Clothing,1,500,275,500
585,06-06-2023,21:49:00,3,Female,24,Clothing,1,25,14,25
652,31-10-2023,17:05:00,4,Female,34,Beauty,2,50,21,100
1337,21-07-2023,19:56:00,2,Male,38,Clothing,1,500,225,500
1585,05-10-2023,20:00:00,2,Female,24,Clothing,1,25,7,25
1652,16-11-2023,20:00:00,2,Female,34,Beauty,2,50,21,100
242,01-10-2023,18:28:00,1,Male,21,Clothing,1,25,8,25
293,27-05-2023,19:04:00,4,Male,50,Electronics,3,30,10,90
460,01-05-2023,23:00:00,2,Male,40,Beauty,1,50,19,50
1242,27-11-2023,18:32:00,5,Male,21,Clothing,1,25,11,25
1293,01-07-2023,18:52:00,3,Male,50,Electronics,3,30,14,90
1460,25-01-2023,19:42:00,4,Male,40,Beauty,1,50,22,50
188,31-08-2023,18:50:00,3,Male,40,Clothing,3,25,9,75
357,18-05-2023,18:57:00,4,Female,40,Electronics,3,25,8,75
646,26-05-2023,21:02:00,3,Male,38,Clothing,3,30,14,90
749,26-07-2023,20:33:00,2,Male,42,Beauty,1,30,8,30
974,28-12-2023,18:39:00,3,Male,47,Beauty,1,30,12,30
1188,04-06-2023,22:43:00,2,Male,40,Clothing,3,25,11,75
1357,20-03-2023,19:14:00,3,Female,40,Electronics,3,25,12,75
1646,18-01-2023,19:43:00,1,Male,38,Clothing,3,30,16,90
1749,07-05-2023,19:55:00,2,Male,42,Beauty,1,30,9,30
1974,19-02-2023,20:20:00,3,Male,47,Beauty,1,30,13,30
190,25-01-2023,17:56:00,2,Female,60,Beauty,3,30,11,90
849,25-06-2023,19:33:00,5,Male,32,Clothing,2,25,13,50
853,14-05-2023,22:29:00,3,Male,21,Beauty,2,500,155,1000
1190,29-09-2023,21:00:00,4,Female,60,Beauty,3,30,11,90
1849,21-07-2023,22:42:00,1,Male,32,Clothing,2,25,12,50
1853,29-05-2023,18:39:00,2,Male,21,Beauty,2,500,190,1000
252,05-05-2023,17:37:00,1,Male,54,Electronics,1,300,84,300
606,13-06-2023,20:19:00,2,Male,22,Electronics,1,50,20,50
779,15-05-2023,19:19:00,3,Female,56,Electronics,2,500,155,1000
824,25-02-2023,19:10:00,3,Male,63,Clothing,4,30,9,120
866,06-07-2023,18:16:00,4,Male,24,Electronics,1,50,23,50
1252,30-12-2023,20:18:00,5,Male,54,Electronics,1,300,117,300
1606,19-10-2023,19:52:00,2,Male,22,Electronics,1,50,27,50
1779,02-01-2023,19:45:00,3,Female,56,Electronics,2,500,190,1000
1824,24-01-2023,20:19:00,4,Male,63,Clothing,4,30,13,120
1866,17-08-2023,22:38:00,5,Male,24,Electronics,1,50,20,50
5,05-09-2023,22:10:00,3,Male,30,Beauty,2,50,24,100
90,10-09-2023,17:53:00,3,Female,51,Electronics,1,30,14,30
380,30-08-2023,22:26:00,2,Male,56,Electronics,2,300,102,600
593,18-01-2023,22:05:00,2,Male,35,Electronics,2,30,13,60
820,17-02-2023,22:49:00,1,Male,49,Electronics,4,50,24,200
1005,12-08-2023,20:38:00,2,Male,30,Beauty,2,50,18,100
1090,18-02-2023,19:54:00,4,Female,51,Electronics,1,30,8,30
1380,09-02-2023,19:45:00,3,Male,56,Electronics,2,300,159,600
1593,24-02-2023,22:39:00,5,Male,35,Electronics,2,30,14,60
1820,13-05-2023,21:31:00,1,Male,49,Electronics,4,50,22,200
120,31-03-2023,19:35:00,4,Male,60,Beauty,1,50,13,50
221,27-11-2023,21:01:00,3,Male,39,Beauty,2,300,111,600
341,20-01-2023,17:06:00,5,Male,31,Clothing,4,50,19,200
640,25-12-2023,20:05:00,3,Female,51,Electronics,4,30,13,120
744,23-05-2023,18:02:00,1,Male,40,Electronics,1,25,7,25
1120,02-03-2023,19:32:00,4,Male,60,Beauty,1,50,27,50
1221,14-09-2023,22:57:00,5,Male,39,Beauty,2,300,114,600
1341,30-01-2023,22:10:00,1,Male,31,Clothing,4,50,21,200
1640,10-06-2023,19:44:00,5,Female,51,Electronics,4,30,14,120
1744,07-07-2023,21:49:00,4,Male,40,Electronics,1,25,9,25
273,26-09-2023,20:24:00,1,Female,22,Beauty,1,50,15,50
283,01-06-2023,20:08:00,3,Female,18,Electronics,1,500,165,500
452,30-01-2023,22:41:00,4,Female,48,Clothing,3,500,240,1500
469,21-03-2023,19:24:00,4,Male,18,Beauty,3,25,9,75
620,06-11-2023,20:59:00,4,Male,63,Electronics,3,25,7,75
946,08-08-2023,20:15:00,2,Male,62,Electronics,4,500,235,2000
1273,20-06-2023,20:39:00,1,Female,22,Beauty,1,50,26,50
1283,14-10-2023,20:15:00,1,Female,18,Electronics,1,500,130,500
1452,06-08-2023,17:41:00,3,Female,48,Clothing,3,500,185,1500
1469,08-12-2023,17:22:00,3,Male,18,Beauty,3,25,13,75
1620,03-02-2023,22:48:00,5,Male,63,Electronics,3,25,8,75
1946,27-07-2023,20:48:00,5,Male,62,Electronics,4,500,165,2000
148,03-07-2023,20:39:00,5,Male,18,Clothing,2,30,10,60
414,10-05-2023,19:40:00,1,Male,48,Beauty,4,25,10,100
883,20-08-2023,20:43:00,5,Male,40,Electronics,1,500,245,500
1148,11-08-2023,22:04:00,2,Male,18,Clothing,2,30,11,60
1414,22-11-2023,21:28:00,4,Male,48,Beauty,4,25,11,100
1883,20-09-2023,17:54:00,3,Male,40,Electronics,1,500,200,500
731,30-09-2023,18:49:00,1,Male,54,Clothing,4,500,165,2000
930,12-01-2023,17:54:00,1,Male,54,Clothing,4,50,26,200
1731,19-12-2023,17:41:00,3,Male,54,Clothing,4,500,195,2000
1930,21-12-2023,19:58:00,5,Male,54,Clothing,4,50,13,200
518,31-07-2023,17:01:00,2,Female,40,Clothing,1,30,16,30
1518,18-05-2023,20:03:00,3,Female,40,Clothing,1,30,13,30
758,23-04-2023,18:30:00,1,Male,64,Clothing,4,25,7,100
1758,22-07-2023,18:19:00,3,Male,64,Clothing,4,25,8,100
639,01-08-2023,19:47:00,4,Female,62,Beauty,4,50,27,200
838,30-09-2023,21:20:00,1,Male,47,Electronics,2,300,153,600
1639,20-12-2023,18:13:00,5,Female,62,Beauty,4,50,24,200
1838,28-06-2023,17:06:00,4,Male,47,Electronics,2,300,102,600
353,18-03-2023,21:35:00,5,Male,31,Electronics,1,500,270,500
501,28-06-2023,20:21:00,2,Male,39,Electronics,2,30,9,60
721,23-06-2023,17:10:00,5,Female,52,Clothing,1,500,145,500
1353,04-09-2023,21:59:00,3,Male,31,Electronics,1,500,235,500
1501,31-01-2023,18:00:00,1,Male,39,Electronics,2,30,14,60
1721,21-01-2023,22:42:00,3,Female,52,Clothing,1,500,215,500
123,11-08-2023,19:00:00,3,Female,40,Electronics,2,30,12,60
164,28-02-2023,18:26:00,3,Female,47,Beauty,3,500,185,1500
425,11-06-2023,18:28:00,2,Female,55,Electronics,4,30,16,120
1123,11-12-2023,21:04:00,1,Female,40,Electronics,2,30,11,60
1164,07-04-2023,20:53:00,1,Female,47,Beauty,3,500,245,1500
1425,02-12-2023,22:15:00,1,Female,55,Electronics,4,30,10,120
48,06-10-2023,17:34:00,2,Male,54,Electronics,3,300,123,900
118,13-03-2023,20:07:00,3,Female,30,Electronics,4,500,270,2000
203,12-03-2023,21:33:00,4,Male,56,Clothing,2,500,175,1000
305,22-03-2023,22:09:00,4,Female,18,Beauty,1,30,14,30
358,12-10-2023,18:32:00,4,Female,32,Beauty,1,300,132,300
376,29-01-2023,18:21:00,4,Female,64,Beauty,1,30,12,30
398,23-02-2023,21:17:00,5,Female,48,Clothing,2,300,114,600
411,25-07-2023,20:04:00,3,Male,62,Electronics,4,50,25,200
504,31-03-2023,18:07:00,4,Female,38,Beauty,3,50,22,150
970,25-05-2023,18:13:00,2,Male,59,Electronics,4,500,220,2000
996,03-07-2023,17:38:00,2,Male,62,Clothing,1,50,14,50
1048,12-07-2023,19:14:00,3,Male,54,Electronics,3,300,93,900
1118,13-10-2023,17:24:00,1,Female,30,Electronics,4,500,170,2000
1203,26-11-2023,18:36:00,2,Male,56,Clothing,2,500,145,1000
1305,05-04-2023,18:24:00,5,Female,18,Beauty,1,30,8,30
1358,04-05-2023,21:40:00,5,Female,32,Beauty,1,300,156,300
1376,15-07-2023,19:49:00,3,Female,64,Beauty,1,30,10,30
1398,19-07-2023,17:20:00,1,Female,48,Clothing,2,300,120,600
1411,24-11-2023,20:27:00,1,Male,62,Electronics,4,50,26,200
1504,25-01-2023,17:01:00,4,Female,38,Beauty,3,50,26,150
1970,22-05-2023,17:44:00,5,Male,59,Electronics,4,500,230,2000
1996,07-12-2023,18:49:00,2,Male,62,Clothing,1,50,25,50
81,07-06-2023,22:48:00,4,Male,40,Electronics,1,50,15,50
155,18-07-2023,18:05:00,3,Male,31,Electronics,4,500,150,2000
470,26-12-2023,18:58:00,4,Female,57,Clothing,2,500,165,1000
1081,27-06-2023,22:23:00,5,Male,40,Electronics,1,50,17,50
1155,03-12-2023,18:22:00,3,Male,31,Electronics,4,500,255,2000
1470,26-06-2023,19:47:00,1,Female,57,Clothing,2,500,165,1000
106,17-05-2023,18:58:00,1,Female,46,Clothing,1,50,15,50
818,29-05-2023,18:56:00,4,Male,30,Electronics,1,500,265,500
1106,12-08-2023,17:50:00,3,Female,46,Clothing,1,50,14,50
1818,20-09-2023,17:29:00,4,Male,30,Electronics,1,500,150,500
94,13-03-2023,22:39:00,5,Female,47,Beauty,2,500,250,1000
811,15-04-2023,18:34:00,2,Male,61,Beauty,2,25,7,50
881,21-12-2023,20:52:00,4,Male,22,Electronics,1,300,99,300
1094,15-06-2023,20:34:00,1,Female,47,Beauty,2,500,210,1000
1811,09-12-2023,21:58:00,5,Male,61,Beauty,2,25,9,50
1881,11-07-2023,17:23:00,5,Male,22,Electronics,1,300,147,300
403,22-04-2023,19:31:00,5,Male,32,Clothing,2,300,78,600
653,25-11-2023,22:53:00,3,Male,54,Clothing,3,25,9,75
694,30-06-2023,17:47:00,3,Female,39,Electronics,2,25,10,50
1403,25-03-2023,18:20:00,4,Male,32,Clothing,2,300,162,600
1653,23-07-2023,19:34:00,2,Male,54,Clothing,3,25,13,75
1694,10-01-2023,19:22:00,4,Female,39,Electronics,2,25,10,50
4,27-08-2023,18:12:00,3,Male,37,Clothing,1,500,200,500
647,01-03-2023,19:53:00,5,Male,59,Clothing,3,500,190,1500
911,15-07-2023,17:29:00,3,Male,42,Electronics,3,300,84,900
1004,11-01-2023,21:46:00,2,Male,37,Clothing,1,500,230,500
1647,01-05-2023,20:26:00,5,Male,59,Clothing,3,500,240,1500
1911,13-12-2023,18:33:00,4,Male,42,Electronics,3,300,75,900
419,31-03-2023,19:18:00,5,Female,44,Clothing,3,30,12,90
642,04-05-2023,21:40:00,1,Female,54,Clothing,4,25,12,100
843,25-01-2023,22:46:00,3,Male,21,Beauty,3,500,180,1500
895,31-08-2023,21:51:00,3,Female,55,Clothing,4,30,14,120
1419,05-02-2023,18:42:00,3,Female,44,Clothing,3,30,9,90
1642,27-12-2023,18:30:00,4,Female,54,Clothing,4,25,12,100
1843,21-09-2023,18:58:00,1,Male,21,Beauty,3,500,240,1500
1895,27-03-2023,20:59:00,4,Female,55,Clothing,4,30,15,120
31,31-12-2023,17:47:00,3,Male,44,Electronics,4,300,129,1200
37,26-05-2023,22:42:00,2,Female,18,Beauty,3,25,9,75
72,06-12-2023,19:19:00,5,Female,20,Electronics,4,500,195,2000
243,24-06-2023,18:02:00,5,Female,47,Electronics,3,300,156,900
281,18-09-2023,20:09:00,4,Female,29,Beauty,4,500,275,2000
489,31-10-2023,22:01:00,1,Male,44,Electronics,1,30,14,30
491,30-12-2023,21:11:00,4,Female,60,Electronics,3,300,78,900
729,26-08-2023,22:29:00,3,Male,29,Clothing,4,300,84,1200
822,16-02-2023,17:39:00,3,Female,52,Beauty,3,50,14,150
1031,12-11-2023,21:15:00,3,Male,44,Electronics,4,300,126,1200
1037,17-10-2023,17:38:00,2,Female,18,Beauty,3,25,12,75
1072,24-02-2023,18:10:00,4,Female,20,Electronics,4,500,180,2000
1243,08-12-2023,17:11:00,4,Female,47,Electronics,3,300,138,900
1281,14-03-2023,19:34:00,4,Female,29,Beauty,4,500,165,2000
1489,28-04-2023,18:30:00,2,Male,44,Electronics,1,30,11,30
1491,26-05-2023,22:14:00,107,Female,60,Electronics,3,300,129,900
1729,22-11-2023,18:55:00,82,Male,29,Clothing,4,300,81,1200
1822,09-09-2023,17:15:00,15,Female,52,Beauty,3,50,21,150
840,01-07-2023,18:59:00,60,Male,62,Clothing,2,25,12,50
1840,12-05-2023,20:22:00,138,Male,62,Clothing,2,25,11,50
404,13-02-2023,19:55:00,59,Male,46,Electronics,2,500,160,1000
899,22-05-2023,21:34:00,147,Male,26,Clothing,2,300,153,600
990,29-03-2023,21:45:00,68,Female,58,Beauty,2,500,235,1000
1404,20-08-2023,18:15:00,155,Male,46,Electronics,2,500,185,1000
1899,03-05-2023,21:03:00,51,Male,26,Clothing,2,300,99,600
1990,22-11-2023,17:02:00,48,Female,58,Beauty,2,500,155,1000
382,14-07-2023,21:20:00,29,Female,53,Clothing,2,500,245,1000
578,05-12-2023,22:42:00,68,Female,54,Clothing,4,30,9,120
923,10-06-2023,17:20:00,62,Male,32,Beauty,3,300,165,900
1382,20-05-2023,18:13:00,139,Female,53,Clothing,2,500,185,1000
1578,20-11-2023,18:43:00,66,Female,54,Clothing,4,30,12,120
1923,03-04-2022,17:38:00,74,Male,32,Beauty,3,300,159,900
307,11-11-2022,22:54:00,32,Female,26,Electronics,2,25,9,50
561,29-07-2022,17:04:00,34,Female,64,Clothing,4,500,250,2000
651,28-09-2023,21:02:00,30,Male,51,Clothing,3,50,26,150
1307,29-01-2022,22:11:00,68,Female,26,Electronics,2,25,12,50
1561,17-09-2023,19:38:00,16,Female,64,Clothing,4,500,170,2000
1651,04-12-2022,21:29:00,155,Male,51,Clothing,3,50,24,150
988,05-08-2022,18:41:00,85,Female,63,Clothing,3,25,8,75
1988,30-11-2023,18:47:00,144,Female,63,Clothing,3,25,7,75
67,19-08-2023,20:19:00,119,Female,48,Beauty,4,300,129,1200
1067,03-10-2023,17:01:00,105,Female,48,Beauty,4,300,129,1200
915,11-10-2023,19:06:00,95,Female,26,Beauty,3,30,13,90
985,13-06-2023,22:33:00,113,Female,19,Electronics,2,25,9,50
1915,10-07-2023,22:50:00,53,Female,26,Beauty,3,30,9,90
1985,31-03-2023,20:15:00,113,Female,19,Electronics,2,25,10,50
56,27-12-2022,19:37:00,97,Female,26,Clothing,3,300,120,900
159,10-11-2022,21:30:00,42,Male,26,Clothing,4,50,24,200
862,11-12-2022,21:37:00,29,Male,28,Electronics,4,300,78,1200
1056,17-04-2022,19:46:00,54,Female,26,Clothing,3,300,114,900
1159,02-04-2023,18:08:00,41,Male,26,Clothing,4,50,18,200
1862,06-02-2022,22:50:00,64,Male,28,Electronics,4,300,165,1200
315,03-07-2023,18:53:00,122,Male,47,Clothing,2,30,15,60
545,19-12-2023,17:18:00,61,Male,27,Clothing,2,25,8,50
902,14-02-2022,17:16:00,108,Female,54,Beauty,1,50,22,50
1315,31-08-2022,20:52:00,14,Male,47,Clothing,2,30,13,60
1545,15-07-2023,18:21:00,16,Male,27,Clothing,2,25,8,50
1902,21-12-2022,17:12:00,97,Female,54,Beauty,1,50,14,50
170,21-09-2023,20:46:00,125,Female,25,Clothing,2,25,13,50
685,04-07-2023,22:15:00,90,Male,57,Electronics,2,25,8,50
958,01-01-2022,21:14:00,116,Male,62,Electronics,2,25,11,50
1170,06-01-2023,17:13:00,96,Female,25,Clothing,2,25,8,50
1685,20-04-2022,20:32:00,76,Male,57,Electronics,2,25,9,50
1958,27-11-2022,19:19:00,125,Male,62,Electronics,2,25,12,50
363,23-05-2022,22:51:00,92,Male,64,Beauty,1,25,14,25
394,19-08-2022,19:27:00,105,Female,27,Clothing,1,500,165,500
537,01-10-2023,18:07:00,98,Female,21,Beauty,1,500,275,500
1363,04-07-2023,20:27:00,33,Male,64,Beauty,1,25,8,25
1394,17-04-2022,20:06:00,14,Female,27,Clothing,1,500,250,500
1537,29-11-2022,17:57:00,116,Female,21,Beauty,1,500,140,500
387,26-01-2023,21:58:00,118,Male,44,Beauty,1,30,9,30
556,05-02-2022,17:37:00,42,Female,18,Electronics,1,50,13,50
782,13-04-2022,21:51:00,71,Male,59,Clothing,3,300,150,900
906,19-07-2022,17:55:00,6,Female,20,Clothing,1,50,17,50
1387,26-07-2022,17:48:00,37,Male,44,Beauty,1,30,16,30
1556,17-05-2023,19:13:00,35,Female,18,Electronics,1,50,23,50
1782,07-04-2023,20:23:00,116,Male,59,Clothing,3,300,141,900
1906,01-10-2022,20:10:00,58,Female,20,Clothing,1,50,27,50
560,23-10-2023,22:51:00,7,Female,25,Electronics,1,50,19,50
944,23-08-2022,20:22:00,136,Male,44,Clothing,2,25,12,50
1560,13-11-2022,17:16:00,91,Female,25,Electronics,1,50,19,50
1944,18-07-2023,21:08:00,63,Male,44,Clothing,2,25,7,50
481,13-07-2023,17:12:00,48,Female,43,Electronics,4,300,114,1200
867,24-07-2022,22:40:00,152,Male,21,Electronics,1,500,185,500
882,22-10-2023,21:41:00,144,Female,64,Electronics,2,25,13,50
961,22-03-2023,22:36:00,86,Male,53,Beauty,4,50,23,200
1481,09-11-2023,17:22:00,20,Female,43,Electronics,4,300,114,1200
1867,16-05-2023,19:55:00,144,Male,21,Electronics,1,500,190,500
1882,21-06-2023,20:56:00,15,Female,64,Electronics,2,25,9,50
1961,15-05-2022,21:17:00,95,Male,53,Beauty,4,50,21,200
187,20-02-2022,20:19:00,88,Female,64,Clothing,2,50,21,100
446,02-11-2022,19:57:00,104,Male,21,Electronics,1,50,13,50
1187,07-07-2023,17:05:00,52,Female,64,Clothing,2,50,13,100
1446,23-01-2022,18:55:00,155,Male,21,Electronics,1,50,24,50
539,30-11-2023,18:13:00,135,Male,25,Beauty,1,500,205,500
587,04-09-2023,19:00:00,91,Female,40,Beauty,4,300,99,1200
1539,06-12-2022,21:52:00,96,Male,25,Beauty,1,500,170,500
1587,05-11-2022,20:06:00,140,Female,40,Beauty,4,300,105,1200
212,12-10-2023,18:13:00,105,Male,21,Clothing,3,500,215,1500
765,16-10-2022,19:03:00,77,Male,43,Clothing,4,50,13,200
769,09-09-2022,18:57:00,18,Female,31,Electronics,4,30,10,120
1212,16-03-2022,18:05:00,142,Male,21,Clothing,3,500,265,1500
1765,18-10-2022,22:49:00,13,Male,43,Clothing,4,50,16,200
1769,08-10-2023,22:50:00,116,Female,31,Electronics,4,30,9,120
321,24-09-2023,19:53:00,30,Female,26,Electronics,2,25,10,50
356,27-08-2023,18:35:00,71,Male,50,Electronics,3,500,255,1500
510,29-05-2023,17:04:00,14,Female,39,Beauty,4,50,13,200
534,27-04-2023,22:30:00,112,Male,45,Clothing,2,500,140,1000
1321,23-04-2023,22:54:00,155,Female,26,Electronics,2,25,11,50
1356,18-12-2023,21:31:00,11,Male,50,Electronics,3,500,245,1500
1510,20-11-2022,18:21:00,124,Female,39,Beauty,4,50,19,200
1534,13-06-2022,19:44:00,72,Male,45,Clothing,2,500,270,1000
104,09-06-2022,22:58:00,129,Female,34,Beauty,2,500,190,1000
110,18-11-2022,17:28:00,149,Male,27,Clothing,3,300,99,900
352,28-07-2023,17:55:00,54,Male,57,Electronics,2,500,175,1000
365,23-02-2023,22:12:00,151,Male,31,Clothing,1,300,93,300
887,24-02-2022,19:20:00,44,Male,59,Clothing,4,25,10,100
1104,11-07-2022,20:13:00,70,Female,34,Beauty,2,500,150,1000
1110,26-10-2022,19:14:00,62,Male,27,Clothing,3,300,114,900
1352,19-10-2023,17:40:00,14,Male,57,Electronics,2,500,260,1000
1365,08-11-2023,20:22:00,18,Male,31,Clothing,1,300,156,300
1887,11-12-2023,19:34:00,113,Male,59,Clothing,4,25,10,100
629,05-01-2023,19:55:00,39,Male,62,Electronics,2,25,8,50
1629,17-02-2022,20:18:00,144,Male,62,Electronics,2,25,11,50
655,31-10-2022,18:43:00,19,Female,55,Clothing,1,500,210,500
1655,28-05-2023,17:57:00,8,Female,55,Clothing,1,500,125,500
567,08-05-2023,19:53:00,5,Female,25,Clothing,3,300,144,900
1567,07-04-2023,17:10:00,76,Female,25,Clothing,3,300,162,900
182,21-06-2023,19:27:00,27,Male,62,Beauty,4,30,10,120
819,15-08-2023,21:59:00,111,Female,35,Beauty,2,50,26,100
1182,03-01-2023,21:26:00,14,Male,62,Beauty,4,30,13,120
1819,05-11-2022,20:44:00,83,Female,35,Beauty,2,50,14,100
100,08-02-2022,19:34:00,21,Male,41,Electronics,1,30,9,30
833,09-05-2023,18:39:00,85,Male,42,Beauty,4,50,25,200
1100,20-01-2023,18:15:00,136,Male,41,Electronics,1,30,13,30
1833,30-01-2022,17:20:00,56,Male,42,Beauty,4,50,18,200
542,01-06-2023,18:41:00,50,Female,20,Beauty,1,50,24,50
723,14-07-2022,21:57:00,120,Female,54,Beauty,4,50,21,200
726,05-06-2022,19:37:00,72,Male,47,Clothing,4,300,126,1200
1542,17-05-2023,20:30:00,147,Female,20,Beauty,1,50,15,50
1723,10-02-2022,17:43:00,40,Female,54,Beauty,4,50,18,200
1726,26-06-2023,18:12:00,13,Male,47,Clothing,4,300,93,1200
488,05-07-2022,17:28:00,26,Female,51,Electronics,3,300,123,900
1488,12-11-2022,19:24:00,9,Female,51,Electronics,3,300,126,900
239,19-09-2022,19:34:00,1,Male,38,Electronics,3,500,165,1500
498,22-03-2022,22:20:00,41,Female,50,Clothing,4,25,8,100
532,15-08-2022,18:04:00,92,Female,64,Clothing,4,30,13,120
669,23-01-2022,20:24:00,110,Male,24,Beauty,4,300,87,1200
877,01-10-2022,19:52:00,134,Female,58,Clothing,1,25,7,25
1239,08-07-2022,20:42:00,134,Male,38,Electronics,3,500,255,1500
1498,29-08-2022,17:08:00,51,Female,50,Clothing,4,25,13,100
1532,23-03-2022,22:48:00,51,Female,64,Clothing,4,30,16,120
1669,04-08-2022,22:28:00,83,Male,24,Beauty,4,300,123,1200
1877,25-01-2023,20:19:00,72,Female,58,Clothing,1,25,11,25
422,21-08-2022,22:34:00,67,Female,28,Clothing,3,30,13,90
466,11-01-2023,21:52:00,66,Male,63,Electronics,4,25,14,100
1422,07-05-2022,20:41:00,35,Female,28,Clothing,3,30,14,90
1466,16-01-2023,22:27:00,64,Male,63,Electronics,4,25,11,100
583,28-01-2022,19:44:00,131,Female,24,Electronics,4,25,8,100
654,14-08-2023,17:40:00,92,Male,42,Clothing,3,25,9,75
1583,12-11-2023,22:54:00,102,Female,24,Electronics,4,25,13,100
1654,13-10-2023,20:47:00,111,Male,42,Clothing,3,25,6,75
40,07-06-2022,21:33:00,78,Male,45,Beauty,1,50,25,50
699,21-11-2022,22:21:00,129,Female,37,Clothing,4,30,16,120
727,15-11-2023,18:37:00,32,Male,55,Beauty,3,300,105,900
830,29-09-2022,20:19:00,77,Female,64,Clothing,3,50,19,150
1040,12-12-2023,21:24:00,112,Male,45,Beauty,1,50,21,50
1699,29-07-2023,21:45:00,23,Female,37,Clothing,4,30,13,120
1727,08-08-2023,21:06:00,72,Male,55,Beauty,3,300,75,900
1830,04-03-2023,18:04:00,87,Female,64,Clothing,3,50,21,150
224,11-11-2022,21:32:00,99,Female,25,Clothing,1,50,24,50
271,12-09-2023,18:23:00,44,Female,62,Beauty,4,30,9,120
1224,20-01-2022,17:10:00,103,Female,25,Clothing,1,50,20,50
1271,19-01-2022,19:31:00,27,Female,62,Beauty,4,30,9,120
36,22-02-2023,22:06:00,40,Male,52,Beauty,3,300,144,900
157,15-05-2022,21:59:00,98,Male,62,Electronics,4,500,170,2000
796,01-10-2022,19:50:00,38,Male,43,Beauty,4,30,8,120
839,11-11-2023,21:02:00,130,Female,20,Electronics,4,300,96,1200
927,21-02-2022,17:13:00,83,Male,43,Electronics,4,500,250,2000
1036,17-08-2022,18:03:00,121,Male,52,Beauty,3,300,117,900
1157,23-12-2022,21:24:00,81,Male,62,Electronics,4,500,270,2000
1796,12-11-2023,18:36:00,69,Male,43,Beauty,4,30,11,120
1839,28-08-2022,21:57:00,92,Female,20,Electronics,4,300,156,1200
1927,06-09-2023,19:44:00,46,Male,43,Electronics,4,500,180,2000
407,16-07-2022,22:17:00,117,Female,46,Electronics,3,300,138,900
1407,10-04-2022,19:41:00,54,Female,46,Electronics,3,300,120,900
46,08-11-2022,17:50:00,54,Female,20,Electronics,4,300,84,1200
509,10-07-2023,19:35:00,70,Female,37,Electronics,3,300,141,900
874,17-01-2022,18:14:00,90,Male,60,Beauty,1,30,13,30
1046,21-07-2023,21:47:00,5,Female,20,Electronics,4,300,156,1200
1509,25-11-2022,20:40:00,67,Female,37,Electronics,3,300,129,900
1874,14-05-2022,20:58:00,126,Male,60,Beauty,1,30,13,30
788,20-06-2022,18:54:00,90,Female,52,Beauty,3,300,105,900
1788,03-05-2022,20:35:00,98,Female,52,Beauty,3,300,150,900
378,03-11-2022,18:16:00,81,Male,50,Beauty,1,300,165,300
1378,28-04-2022,21:56:00,27,Male,50,Beauty,1,300,132,300
480,22-12-2022,22:12:00,126,Female,42,Beauty,4,500,225,2000
492,16-12-2023,17:52:00,4,Male,61,Beauty,4,25,7,100
737,23-03-2023,21:11:00,26,Female,33,Clothing,1,50,14,50
1480,26-11-2023,18:05:00,3,Female,42,Beauty,4,500,165,2000
1492,26-08-2023,22:09:00,146,Male,61,Beauty,4,25,10,100
1737,14-11-2022,22:32:00,40,Female,33,Clothing,1,50,14,50
684,20-06-2023,18:02:00,54,Female,28,Clothing,2,500,225,1000
878,26-10-2023,18:53:00,31,Female,20,Clothing,1,30,12,30
1684,23-01-2023,21:40:00,43,Female,28,Clothing,2,500,200,1000
1878,24-01-2023,22:56:00,97,Female,20,Clothing,1,30,8,30
78,17-02-2023,21:08:00,68,Female,47,Clothing,3,500,265,1500
260,19-01-2023,21:09:00,107,Male,28,Beauty,2,30,11,60
455,21-11-2023,19:15:00,134,Male,31,Electronics,4,25,13,100
837,15-01-2023,20:35:00,53,Male,18,Beauty,3,30,8,90
1078,04-05-2023,22:20:00,16,Female,47,Clothing,3,500,125,1500
1260,19-07-2023,17:26:00,117,Male,28,Beauty,2,30,14,60
1455,27-08-2022,21:35:00,32,Male,31,Electronics,4,25,14,100
1837,29-03-2023,20:45:00,32,Male,18,Beauty,3,30,8,90
45,20-03-2022,18:27:00,121,Female,55,Electronics,1,30,11,30
